,count,missing,mean,std,min,q1,median,q3,max
anxiety_score,2500.0,0,5.4828,2.86541243023725,1.0,3.0,6.0,8.0,10.0
depression_score,2500.0,0,5.4768,2.880691082439243,1.0,3.0,6.0,8.0,10.0
stress_level,2500.0,0,5.4892,2.872139104084843,1.0,3.0,5.0,8.0,10.0
mood_swings_frequency,2500.0,0,5.4744,2.8859445785468885,1.0,3.0,5.0,8.0,10.0
concentration_difficulty_level,2500.0,0,5.5208,2.875008457283523,1.0,3.0,6.0,8.0,10.0
