,count,missing,mean,std,min,q1,median,q3,max
sleep_hours,2500.0,0,6.544559999999999,2.0280600625836946,3.0,4.8,6.6,8.2,10.0
physical_activity_hours_per_week,2500.0,0,7.48592,4.325035505802303,0.0,3.7,7.5,11.2,15.0
screen_time_hours_per_day,2500.0,0,6.6034799999999985,3.1583448111912276,1.0,3.9,6.7,9.3,12.0
working_hours_per_week,2500.0,0,45.2772,14.688725731847885,20.0,32.0,46.0,58.0,70.0
