,count,missing,mean,std,min,q1,median,q3,max
panic_attack_history,2500.0,0,0.4984,0.5000974694912949,0.0,0.0,0.0,1.0,1.0
family_history_mental_illness,2500.0,0,0.4952,0.5000769848696484,0.0,0.0,0.0,1.0,1.0
previous_mental_health_diagnosis,2500.0,0,0.5008,0.5000993898815553,0.0,0.0,1.0,1.0,1.0
therapy_history,2500.0,0,0.488,0.49995598045523687,0.0,0.0,0.0,1.0,1.0
substance_use,2500.0,0,0.4736,0.4994024440473317,0.0,0.0,0.0,1.0,1.0
